rank,team,plays,epa_per_play,success_rate,pass_epa,rush_epa,explosive_rate,third_down_pct,yards_per_play
1,SF,160,0.357,56.875,0.615,0.078,14.375,62.963,7.506
2,BUF,235,0.191,47.66,0.207,0.17,15.319,54.545,6.596
3,BAL,232,0.186,51.724,0.337,0.05,14.224,33.333,6.832
4,KC,191,0.184,50.262,0.236,0.125,11.518,47.222,6.56
5,JAX,220,0.178,49.545,0.284,0.068,10.455,52.273,5.777
6,DAL,251,0.166,47.809,0.279,-0.022,6.773,53.061,5.546
7,DET,197,0.133,50.761,0.271,-0.064,10.152,41.176,5.619
8,CHI,292,0.107,47.945,0.184,0.038,10.959,48.214,5.894
9,CIN,247,0.055,44.939,0.114,-0.065,8.907,47.17,5.704
10,CAR,195,0.053,42.051,0.119,-0.075,10.769,36.842,6.062
11,SEA,178,0.051,46.067,0.257,-0.208,9.551,36.364,6.202
12,LA,268,0.026,47.015,0.044,-0.004,10.075,46.0,6.243
13,NYJ,226,0.018,43.805,0.154,-0.166,8.85,34.694,5.084
14,NO,222,0.01,46.847,0.02,-0.008,8.108,53.191,5.185
15,LV,184,-0.007,40.217,0.155,-0.197,7.065,45.946,5.141
16,CLE,224,-0.018,43.304,0.093,-0.165,7.589,32.609,5.259
17,HOU,250,-0.026,41.6,0.027,-0.12,10.4,35.849,5.5
18,ARI,259,-0.029,46.332,-0.038,-0.015,3.861,40.0,4.564
19,WAS,259,-0.045,38.61,-0.003,-0.096,7.722,31.579,4.869
20,NYG,240,-0.047,40.0,0.017,-0.116,6.25,44.231,4.754
21,NE,250,-0.049,43.2,-0.095,0.004,9.6,39.216,5.332
22,DEN,164,-0.057,41.463,-0.07,-0.035,8.537,37.143,5.079
23,IND,251,-0.066,43.028,-0.211,0.117,9.163,40.385,4.542
24,TEN,216,-0.085,41.204,-0.133,-0.018,7.87,35.417,4.847
25,GB,232,-0.091,39.224,0.028,-0.366,8.19,26.667,5.349
26,PIT,250,-0.106,41.2,-0.147,-0.02,9.2,34.694,5.112
27,PHI,228,-0.107,37.281,-0.144,-0.062,7.456,35.849,4.741
28,MIN,165,-0.119,30.909,-0.133,-0.104,6.667,32.558,4.364
29,MIA,173,-0.127,34.682,-0.093,-0.169,9.827,43.902,5.04
30,ATL,189,-0.151,46.561,-0.36,0.028,8.995,34.286,5.429
31,TB,238,-0.154,38.655,-0.261,0.006,7.143,36.364,4.681
32,LAC,177,-0.188,40.678,-0.131,-0.255,9.04,35.135,5.232
