team,week,plays,epa_per_play,success_rate,pass_epa,rush_epa,explosive_rate,third_down_pct,yards_per_play
ARI,1,69,0.144,49.275,0.237,0.03,7.246,46.154,5.739
ARI,2,47,-0.325,31.915,-0.269,-0.424,2.128,25.0,3.213
ARI,3,80,0.169,53.75,0.211,0.087,0.0,50.0,4.562
ARI,4,63,-0.25,44.444,-0.491,0.093,6.349,33.333,4.286
ATL,1,57,-0.321,38.596,-0.606,-0.082,10.526,16.667,4.175
ATL,2,67,-0.473,35.821,-0.716,-0.208,4.478,30.769,4.269
ATL,3,65,0.332,64.615,0.366,0.309,12.308,60.0,7.723
BAL,1,60,0.321,50.0,0.376,0.28,15.0,37.5,8.483
BAL,2,55,0.116,63.636,0.103,0.136,9.091,44.444,5.673
BAL,3,58,0.134,50.0,0.596,-0.11,18.966,33.333,6.517
BAL,4,59,0.166,44.068,0.387,-0.079,13.559,20.0,6.542
BUF,1,52,0.229,40.385,0.454,-0.131,15.385,33.333,7.885
BUF,2,66,0.435,57.576,0.456,0.413,18.182,81.818,6.803
BUF,3,62,-0.021,50.0,-0.179,0.127,12.903,50.0,5.661
BUF,4,55,0.099,40.0,0.078,0.137,14.545,50.0,6.182
CAR,1,62,0.182,48.387,0.251,0.055,12.903,44.444,7.71
CAR,2,59,0.142,44.068,0.291,-0.128,10.169,42.857,5.831
CAR,3,74,-0.127,35.135,-0.117,-0.148,9.459,26.667,4.865
CHI,1,70,0.409,54.286,0.449,0.378,12.857,71.429,7.886
CHI,2,69,-0.125,31.884,-0.097,-0.16,11.594,33.333,4.304
CHI,3,67,0.093,49.254,0.213,-0.031,5.97,38.462,5.627
CHI,4,86,0.058,54.651,0.227,-0.057,12.791,50.0,5.756
CIN,1,62,-0.002,46.774,-0.073,0.097,11.29,57.143,5.677
CIN,2,58,-0.092,31.034,-0.015,-0.217,10.345,33.333,4.621
CIN,3,56,0.281,55.357,0.386,0.059,10.714,50.0,6.286
CIN,4,71,0.046,46.479,0.132,-0.275,4.225,50.0,6.155
CLE,1,49,-0.184,44.898,-0.364,0.037,8.163,12.5,5.551
CLE,2,53,0.009,43.396,0.324,-0.47,3.774,38.462,5.075
CLE,3,62,-0.022,37.097,0.063,-0.125,9.677,33.333,4.242
CLE,4,60,0.099,48.333,0.262,-0.129,8.333,40.0,6.233
DAL,1,52,0.221,46.154,0.305,0.061,1.923,72.727,4.692
DAL,2,54,0.227,55.556,0.458,-0.136,9.259,63.636,6.148
DAL,3,72,0.104,47.222,0.2,-0.031,6.944,38.462,5.792
DAL,4,73,0.144,43.836,0.205,0.026,8.219,42.857,5.466
DEN,1,46,-0.344,36.957,-0.449,-0.103,2.174,16.667,3.848
DEN,2,56,0.124,48.214,0.272,-0.058,16.071,40.0,7.054
DEN,3,62,-0.007,38.71,-0.029,0.026,6.452,53.846,4.21
DET,1,73,0.0,45.205,0.018,-0.021,10.959,38.462,5.055
DET,2,62,0.232,48.387,0.442,-0.208,11.29,36.364,5.726
DET,3,62,0.191,59.677,0.357,-0.011,8.065,50.0,6.177
GB,1,67,-0.175,38.806,-0.059,-0.429,13.433,25.0,6.254
GB,2,50,-0.222,32.0,-0.099,-0.441,6.0,11.111,3.98
GB,3,63,0.014,39.683,0.066,-0.301,6.349,40.0,5.206
GB,4,52,0.018,46.154,0.23,-0.271,5.769,22.222,5.673
HOU,1,73,0.069,46.575,0.036,0.11,10.959,43.75,5.219
HOU,2,76,-0.247,32.895,-0.157,-0.538,10.526,29.412,4.921
HOU,3,51,-0.092,41.176,-0.103,-0.077,3.922,36.364,4.373
HOU,4,50,0.238,48.0,0.482,-0.161,16.0,33.333,7.94
IND,1,53,-0.241,41.509,-0.462,0.122,13.208,30.0,4.736
IND,2,63,0.154,47.619,0.19,0.12,9.524,41.667,5.222
IND,3,71,-0.114,40.845,-0.172,-0.039,7.042,46.667,4.225
IND,4,64,-0.086,42.188,-0.371,0.281,7.812,40.0,4.062
JAX,1,53,0.338,60.377,0.793,-0.038,16.981,55.556,6.849
JAX,2,55,-0.048,43.636,-0.133,0.062,9.091,41.667,4.873
JAX,3,59,0.233,50.847,0.263,0.204,5.085,66.667,5.339
JAX,4,53,0.191,43.396,0.332,0.034,11.321,45.455,6.132
KC,1,64,0.164,42.188,-0.079,0.366,10.938,56.25,6.188
KC,2,78,0.229,55.128,0.274,0.153,11.538,38.462,6.705
KC,3,49,0.138,53.061,0.538,-0.246,12.245,42.857,6.816
LA,1,56,-0.265,42.857,-0.394,-0.135,7.143,22.222,5.196
LA,2,56,0.29,55.357,0.596,-0.089,19.643,62.5,8.643
LA,3,80,0.014,41.25,-0.02,0.098,10.0,47.059,6.025
LA,4,76,0.059,50.0,0.021,0.141,5.263,50.0,5.474
LAC,1,51,-0.244,39.216,-0.187,-0.325,7.843,25.0,5.255
LAC,2,62,-0.261,35.484,-0.019,-0.488,6.452,35.714,5.0
LAC,3,64,-0.071,46.875,-0.177,0.064,12.5,40.0,5.438
LV,1,64,-0.039,42.188,0.013,-0.085,7.812,50.0,4.625
LV,2,57,-0.096,35.088,0.193,-0.441,7.018,30.769,5.404
LV,3,63,0.105,42.857,0.236,-0.093,6.349,58.333,5.429
MIA,1,50,-0.236,34.0,-0.288,-0.142,14.0,20.0,5.18
MIA,2,56,-0.001,41.071,0.165,-0.156,5.357,46.667,5.071
MIA,3,67,-0.151,29.851,-0.112,-0.196,10.448,56.25,4.91
MIN,1,59,-0.02,35.593,0.019,-0.054,3.39,64.286,4.136
MIN,2,51,-0.078,33.333,0.022,-0.16,7.843,23.077,4.824
MIN,3,55,-0.264,23.636,-0.378,-0.105,9.091,12.5,4.182
NE,1,67,-0.11,41.791,-0.128,-0.088,4.478,37.5,4.134
NE,2,51,-0.07,41.176,-0.211,0.066,15.686,41.667,6.471
NE,3,60,-0.253,36.667,-0.409,-0.048,8.333,33.333,5.283
NE,4,72,0.191,51.389,0.283,0.083,11.111,45.455,5.681
NO,1,86,-0.031,41.86,-0.016,-0.066,9.302,47.059,5.453
NO,2,64,0.149,45.312,0.295,-0.051,9.375,53.333,4.703
NO,3,72,-0.065,54.167,-0.161,0.087,5.556,60.0,5.292
NYG,1,65,0.369,60.0,0.707,0.061,6.154,90.0,6.138
NYG,2,55,-0.429,27.273,-0.518,-0.286,1.818,21.429,3.309
NYG,3,57,-0.116,38.596,-0.245,-0.016,8.772,30.769,4.193
NYG,4,63,-0.082,31.746,0.114,-0.311,7.937,46.667,5.095
NYJ,1,60,0.168,50.0,0.406,0.01,11.667,18.182,6.167
NYJ,2,71,-0.106,38.028,0.098,-0.439,4.225,47.368,4.014
NYJ,3,63,0.095,46.032,0.247,-0.258,12.698,50.0,5.349
NYJ,4,32,-0.137,40.625,-0.27,0.034,6.25,0.0,4.906
PHI,1,51,0.071,35.294,0.045,0.102,11.765,42.857,6.275
PHI,2,72,0.039,40.278,0.219,-0.186,5.556,61.111,4.736
PHI,3,47,-0.304,40.426,-0.718,0.307,10.638,22.222,5.277
PHI,4,58,-0.287,32.759,-0.263,-0.315,3.448,0.0,2.966
PIT,1,61,-0.303,32.787,-0.324,-0.252,6.557,25.0,4.377
PIT,2,67,-0.356,37.313,-0.496,-0.087,4.478,16.667,3.507
PIT,3,56,0.201,48.214,0.245,0.127,16.071,58.333,7.375
PIT,4,66,0.071,46.97,0.053,0.112,10.606,38.462,5.5
SEA,1,47,0.066,40.426,0.168,-0.061,12.766,18.182,6.085
SEA,2,67,0.134,46.269,0.596,-0.178,8.955,53.846,5.687
SEA,3,64,-0.046,50.0,0.109,-0.443,7.812,33.333,6.828
SF,1,64,0.179,56.25,0.142,0.221,9.375,58.333,5.922
SF,2,47,0.46,57.447,1.06,-0.068,14.894,71.429,8.17
SF,3,49,0.49,57.143,0.849,0.048,20.408,62.5,8.939
TB,1,51,-0.185,47.059,-0.247,-0.081,5.882,50.0,5.549
TB,2,62,-0.146,38.71,-0.367,0.18,11.29,43.75,5.048
TB,3,64,-0.246,26.562,-0.264,-0.21,4.688,17.647,3.797
TB,4,61,-0.038,44.262,-0.144,0.065,6.557,41.667,4.508
TEN,1,49,-0.119,44.898,-0.21,0.11,4.082,33.333,3.98
TEN,2,51,0.075,43.137,-0.004,0.135,13.725,46.154,5.706
TEN,3,57,-0.147,40.351,-0.18,-0.089,5.263,38.462,4.596
TEN,4,59,-0.137,37.288,-0.086,-0.201,8.475,20.0,5.068
WAS,1,68,0.06,42.647,0.108,0.005,7.353,33.333,4.338
WAS,2,67,0.069,50.746,0.035,0.106,10.448,57.143,5.806
WAS,3,63,-0.08,31.746,0.117,-0.296,4.762,23.077,4.127
WAS,4,61,-0.25,27.869,-0.242,-0.263,8.197,13.333,5.197
